path,size_bytes,sha256,scope
configs/m1.1/vidoseek.toml,2478,eddc0ff982e5a7f8474cb812ebe87de938548410595c024865b8665537a51b00,inspected_implementation
configs/m1.2/core.toml,387,d8ab2405dc9656eba42e35b1cf53f31b95b46bd9d1db75387a59ff28180b436d,inspected_implementation
src/qpaf/m11/oracle.py,6106,56e05e5a4d01dae5ab68ae5e11ffbaf4f9c76bee22b5cf78fabf004f493dbdf1,inspected_implementation
src/qpaf/m11/metrics.py,1917,c2d15bd922cc60b3f84a72a8828fe8a248467d892d88e9af98e4cfe3b71a3a9c,inspected_implementation
src/qpaf/m11/retrieval.py,6995,93ff00e50256bdc44759cfde88012a49282017096d240de2eaab58ef695db2e1,inspected_implementation
src/qpaf/m12/features.py,4257,86eb5d540d2330c0fec263d587581d2f159b77461df85c57f6ecaa64fafa40b6,inspected_implementation
src/qpaf/m12/model.py,4173,05c0370343a14b70b1db37e3d2bf6fd852c4ea67f7a967af52fa0ff498adcc3e,inspected_implementation
src/qpaf/m12/losses.py,1586,18debc316b02146c38c36a6b1021f0db5e3ba9be55ffdb4c8be153cd11ce5395,inspected_implementation
src/qpaf/m12/config.py,2168,4b50ec1b8f1f48cc47c6028235ea0e18e931349360ac65d48693ea8099fd3f6e,inspected_implementation
evidence/M1_FINAL/02_protocol/protocol_amendments.md,3292,6a7a0f6328e467c698771115affa58cac32b95ea889da1a91691661e4049dc49,historical_reference
evidence/M1_FINAL/02_protocol/protocol_freeze_manifest.json,5285,fbd2f4cf6003bfa271985ebf283a046950ad5fc4d7e2657e21ad6fe4a2c96f8b,historical_reference
evidence/M1_FINAL/02_protocol/candidate_policy.md,2902,4a85a2e17cd8adfcc5f301d5393e9e6762221383d3601e0407642bad915d0562,historical_reference
evidence/M1_FINAL/02_protocol/metric_policy.md,3473,4ce926201bb38b975c3eb43b83b0c719dea48267ff20e8fffa7e7329c0b5579a,historical_reference
evidence/M1_FINAL/02_protocol/seed_policy.md,2618,e5fce4c247c3f7a13fcc8cfd4106aa5c1e2b00c1c58b8709fff9b056e4794049,historical_reference
src/qpaf/m13/splits.py,6351,341eed1f421646f4e2c5d1c52e12733f9849d074986b6d46db19ff2b459a65f1,inspected_implementation
