audit_index,query_id,global_ndcg10,qarf_ndcg10,qpaf_ndcg10,delta_qarf_vs_global,delta_qpaf_vs_qarf,relevant_pages,recovery_pass_seconds_including_checkpoint,inherited_checkpoint,new_search_seconds_including_checkpoint
147,009e328fc7136f2a006b114ff3154d3eafd04ecb_2,1.0,1.0,1.0,0.0,0.0,1,0.12400280000292696,True,
396,01dc52ed80b475c6ac81bc9def3e03dad93e33de_0,1.0,1.0,1.0,0.0,0.0,1,0.12631909998890478,True,
510,02d9d6c3d872469119ce9ff49442967c9209d1cd_3,1.0,1.0,1.0,0.0,0.0,1,0.2063266999903135,True,
682,0362524caefe112f57cbfa547ad8a1b3be756e08_0,1.0,1.0,1.0,0.0,0.0,1,0.12024030000611674,True,
792,0441317ce9deb3da74c85d08fe3a2137d7832df0_1,1.0,1.0,1.0,0.0,0.0,1,1551.9621061999933,False,1551.9621061999933
797,04450a0f59f81025574451222aa26322ae7ede42_1,0.43067655807339306,0.5,1.0,0.06932344192660694,0.5,1,1986.8066784999974,False,1986.8066784999974
848,04877fbd1a0ba6c62b516596391983ab8e3f47ef_0,1.0,1.0,1.0,0.0,0.0,1,409.36463840000215,False,409.36463840000215
880,04973d056d9522006d5bdaefd92627ebedea7ba1_2,1.0,1.0,1.0,0.0,0.0,1,415.25563410000177,False,415.25563410000177
881,04a385633c2c14185d3ca288083efdcc6350420e_0,1.0,1.0,1.0,0.0,0.0,1,403.88912989999517,False,403.88912989999517
940,04dc0db4eefee1ab8f9d77c40047cce2d0a5f087_3,1.0,1.0,1.0,0.0,0.0,1,399.79074240000045,False,399.79074240000045
1023,0541896ed71e7eb1098ad3dbee66bf4444855b17_2,1.0,1.0,1.0,0.0,0.0,1,406.3282603000116,False,406.3282603000116
1081,05a312877bb2a2360f336e7a99bb52ec6f313339_1,1.0,1.0,1.0,0.0,0.0,1,412.88203310000245,False,412.88203310000245
