"registry_event_id","experiment_id","run_id","event_type","recorded_at_utc","run_window_utc","task_id","owner","actor","purpose","experiment_class","evidence_class","registry_status","source_status","method","protocol_ref","git_commit","data_ref","split_ref","split_id","split_sha256","candidate_definition","config_ref","seed","seed_purpose","command","runtime","hardware","resource_cost_cap","authorization_ref","authorization_manifest_ref","authorization_manifest_sha256","attempt_retry","retry_of","failure_reason","output_ref","output_sha256","metrics_ref","primary_metric","primary_metric_value","verifier","verification_command","review_status","result_claim_scope","issue_ids","supersedes_event_id","notes"
"QPAF-REG-20260927-0001","QPAF-M1_1-ORC-001","UNKNOWN","STATUS_RECORDED","2026-09-27T12:12:20Z","UNKNOWN","M1.1","Thanh","NOT_RECORDED","Register the accepted Oracle feasibility report without promoting it to learned evidence","oracle_upper_bound","scientific_upper_bound","BLOCKED","ACCEPTED_FOR_ORACLE_FEASIBILITY_REPRODUCTION_UNVERIFIED","oracle_weight_search","UNKNOWN","UNKNOWN","results/m1.1/reference/source_manifest.csv","UNKNOWN","UNKNOWN","UNKNOWN","UNKNOWN","configs/m1.1/vidoseek.toml#sha256=09ab9e5850897c6cdfc7235712d9e9a950023690de55c618a913d7d62a0763eb","UNKNOWN","UNKNOWN","NOT_RECORDED","UNKNOWN","UNKNOWN","NOT_RECORDED","NOT_RECORDED","NOT_RECORDED","UNKNOWN","UNKNOWN","UNKNOWN","Original per-query/cache/run provenance and evaluation unit are missing","results/m1.1/README.md","7f1cd475643db3a653a6de3d6d4bee9df09ece563293fe1574f2da8097fa1664","results/m1.1/README.md","nDCG@10","NOT_RECORDED","PENDING","NOT_RECORDED","PENDING_INDEPENDENT_REPRODUCTION","oracle_upper_bound","M17-ISS-006","NA","The source metric wording is preserved without inferring page or document evaluation unit"
"QPAF-REG-20260927-0002","QPAF-M1_2-MTH-001","NA","STATUS_RECORDED","2026-09-27T12:12:20Z","NOT_RECORDED","M1.2","Tấn Phát","Trần Đình Khương","Register local synthetic method-core verification with its limited claim boundary","integration_test","engineering_evidence","BLOCKED","IMPLEMENTATION_VERIFIED_LOCAL_SYNTHETIC_INDEPENDENT_RERUN_PENDING","qpaf13_v1_method_core","PENDING","7a758e3db78b678d24f704b8052824f1c5bbab19","NA","NA","NA","NA","synthetic_fixture_no_retrieval_candidate_claim","configs/m1.2/core.toml#sha256=d8ab2405dc9656eba42e35b1cf53f31b95b46bd9d1db75387a59ff28180b436d","NA","NA","python scripts/verify_m12.py --config configs/m1.2/core.toml --output results/m1.2/handoff-check-2026-09-26","Python_3.11_Torch_2.7.1","CPU","NA","NA","NA","NA","1/0","NA","Independent rerun and acceptance are pending","results/m1.2/handoff-check-2026-09-26/README.md","b2eed50c0cb083f6cbcc61dac2d822ef62892a67df20054ffabec19c060fea69","NA","NA","NA","PENDING","python -m unittest discover -s tests -v; python scripts/verify_m12.py --config configs/m1.2/core.toml --output <new-output>","PENDING_INDEPENDENT_REVIEW","synthetic_software_verification","M17-ISS-007","NA","No learned corpus performance claim is registered"
"QPAF-REG-20260927-0003","QPAF-M1_4-AUD-001","NA","STATUS_RECORDED","2026-09-27T12:12:20Z","2026-09-25T11:57:04Z","M1.4","Khương","Khương","Register repository audit snapshot and its explicit missing-asset boundary","data_audit","engineering_evidence","BLOCKED","PARTIAL","repository_inventory_and_hash_audit","NA","6a69e03806f8fef2685800e64a0562b116dd1f9a","evidence/M1_FINAL/01_repository_audit/data_inventory.csv","PENDING","PENDING","PENDING","NA","NA","NA","NA","python scripts/audit_repository.py --root . --output evidence/revisions/<new-snapshot>","Python_3.11","CPU","NA","NA","NA","NA","1/0","NA","Research source data config and run assets are missing","evidence/M1_FINAL/01_repository_audit/gap_log.md","6de47e79835e57cd568c3d42965a1f047f05efa01c74710d709a05eef447b563","NA","NA","NA","PENDING","python scripts/audit_repository.py --root . --verify <selected-hash-manifest>","PARTIAL_NOT_INDEPENDENTLY_ACCEPTED","engineering_audit_only","M17-ISS-002;M17-ISS-005","NA","File existence and hash generation do not constitute M1.4 acceptance"
"QPAF-REG-20260927-0004","QPAF-M1_5-PRO-001","NA","STATUS_RECORDED","2026-09-27T12:12:20Z","2026-09-27T05:48:11Z","M1.5","Tấn Phát","Tấn Phát","Register byte-verified historical protocol import and active-adoption blocker","governance","governance_record","BLOCKED","IMPORTED_HISTORICAL_FREEZE_PENDING_ADOPTION","protocol_import_and_reconciliation","evidence/M1_FINAL/02_protocol/protocol_freeze_manifest.json#sha256=fbd2f4cf6003bfa271985ebf283a046950ad5fc4d7e2657e21ad6fe4a2c96f8b","c82dd5a7c50b52b7fb5c509fa86de4a7f355c59c","evidence/M1_FINAL/02_protocol/protocol_freeze_manifest.json","PENDING","PENDING","PENDING","top200_per_channel_union_max600_historical_policy_not_activated","NA","NA","NA","NA","NA","NA","NA","execution_authorized=false","NA","NA","NA","NA","Active NEW adoption and loss-contract reconciliation are missing","evidence/M1_FINAL/02_protocol/sync_reconciliation.md","570f18e78bb6401437a3ed9564e176b2371c1aff0ad2755673991aad07a6b19a","evidence/M1_FINAL/02_protocol/protocol_freeze_manifest.json","document_ndcg_at_10","NA","PENDING","rehash nine protocol files and canonical package digest","HISTORICAL_BYTES_VERIFIED_ACTIVE_ADOPTION_BLOCKED","governance_only","M17-ISS-001;M17-ISS-005","NA","Imported bytes are evidence but do not authorize execution"
"QPAF-REG-20260927-0005","QPAF-M1_6-COL-001","NA","STATUS_RECORDED","2026-09-27T12:12:20Z","NOT_RECORDED","M1.6","Khương","Khương","Register blocked real-corpus collision and leakage audit","data_audit","engineering_evidence","BLOCKED","BLOCKED_NOT_RUN_HEADER_ONLY","primary_corpus_collision_audit","PENDING","f5716bf8a4ca2e623d26ff44e7e70233770b7775","evidence/M1_FINAL/03_collision_audit/page_manifest.csv","PENDING","PENDING","PENDING","NA","NA","NA","NA","NOT_RUN","NA","NA","NA","NA","NA","NA","0/0","NA","Primary corpus split and qrels inputs are unavailable","evidence/M1_FINAL/03_collision_audit/collision_report.md","62a8c0f157191129e85b652fc5baf869e60c4b2b8d39d06ca481ba72584d93c6","NA","NA","NA","PENDING","PENDING","NOT_REVIEWED","engineering_audit_only","M17-ISS-003;M17-ISS-005","NA","Header-only manifests are not collision evidence"
"QPAF-REG-20260927-0006","QPAF-M1_7-REG-001","NA","REGISTERED","2026-09-27T12:12:20Z","NA","M1.7","Thanh","Thanh","Define Draft registry schema naming classification append-only traceability and issue controls","governance","governance_record","PLANNED","DRAFT_NOT_FROZEN","experiment_registry_governance","PENDING","PENDING","NA","PENDING","PENDING","PENDING","NA","NA","NA","NA","NA","NA","NA","NA","execution_authorized=false","NA","NA","NA","NA","Final protocol binding selected snapshot independent recheck and sign-off are pending","evidence/M1_FINAL/04_experiment_registry/experiment_registry.csv","PENDING","evidence/M1_FINAL/04_experiment_registry/traceability_matrix.csv","NA","NA","Thanh","python -m unittest tests.test_m17_registry -v","DRAFT_SOURCE_REVIEW_ONLY","governance_only","M17-ISS-001;M17-ISS-002;M17-ISS-003;M17-ISS-004;M17-ISS-005;M17-ISS-009","NA","Self-referential registry hash is deferred to a selected immutable Final package"
"QPAF-REG-20260927-0007","QPAF-M1_8-OCR-001","NA","STATUS_RECORDED","2026-09-27T12:12:20Z","NOT_RECORDED","M1.8","Khương","Khương","Register OCR calibration and artifact namespace as uncalibrated Draft evidence","calibration","engineering_evidence","BLOCKED","DRAFT_UNCALIBRATED","ocr_threshold_and_artifact_namespace","PENDING","f5716bf8a4ca2e623d26ff44e7e70233770b7775","PENDING","NA","NA","NA","NA","NA","NA","NA","NOT_RUN","NA","NA","PENDING","NA","PENDING","PENDING","0/0","NA","Representative calibration and numerical thresholds are missing","evidence/M1_FINAL/05_ocr_artifacts/ocr_failure_threshold.md","f3c13b45f525dad257aed114edf10202526fc12d294df3a564a63d8e14a1db2c","NA","NA","NA","PENDING","PENDING","NOT_REVIEWED","engineering_calibration_only","M17-ISS-001;M17-ISS-004","NA","Artifact namespace remains pending alignment with Final registry"
"QPAF-REG-20260927-0008","QPAF-M1_9-GAT-001","NA","STATUS_RECORDED","2026-09-27T12:12:20Z","2026-09-27T05:48:11Z","M1.9","Tấn Phát","Tấn Phát","Register G1 checklist and blocked pre-review preparation without creating a gate decision","governance","governance_record","BLOCKED","PRE_REVIEW_REFRESHED_G1_FIRST_REVIEW_BLOCKED","g1_readiness_review","PENDING","c82dd5a7c50b52b7fb5c509fa86de4a7f355c59c","evidence/M1_FINAL/06_G1/G1_evidence_matrix.csv","NA","NA","NA","NA","NA","NA","NA","NA","NA","NA","NA","execution_authorized=false","NA","NA","NA","NA","Seven entry criteria are not met and no official team review exists","evidence/M1_FINAL/06_G1/G1_pre_review.md","34234178cb9e18a4d4796cc346f4cd451682362b4abcb3aa4119c869984d3c74","evidence/M1_FINAL/06_G1/G1_readiness_matrix.csv","NA","NA","PENDING","PENDING","INTERNAL_PREPARATION_NOT_TEAM_REVIEW","governance_only","M17-ISS-001;M17-ISS-002;M17-ISS-003;M17-ISS-004;M17-ISS-005;M17-ISS-008;M17-ISS-009","NA","No G1 blocker log or final decision is claimed"
"QPAF-REG-20260927-0009","QPAF-M1_10-RPT-001","NA","STATUS_RECORDED","2026-09-27T12:12:20Z","2026-09-27T05:48:11Z","M1.10","Tấn Phát","Tấn Phát","Register current Sprint 1 report as Draft pending official G1 and independent review","governance","governance_record","BLOCKED","DRAFT_CURRENT_G1_BLOCKED_CLOSURE_NOT_REACHED","sprint_progress_reporting","PENDING","c82dd5a7c50b52b7fb5c509fa86de4a7f355c59c","evidence/M1_FINAL/06_G1/G1_readiness_matrix.csv","NA","NA","NA","NA","NA","NA","NA","NA","NA","NA","NA","execution_authorized=false","NA","NA","NA","NA","Final G1 independent review and closure evidence are absent","evidence/M1_FINAL/07_R1/Sprint_1_Progress_Report.md","bc9e4986212a7093e0e764b63e64e269c445e2623683d99f29cb4cc5f8dbbe7d","NA","NA","NA","PENDING","PENDING","DRAFT_NOT_INDEPENDENTLY_REVIEWED","governance_only","M17-ISS-008;M17-ISS-010","NA","This record does not convert the Draft report into Final R1"
