"issue_id","opened_at_utc","severity","owner","related_task","related_experiment_id","finding","evidence","status","closure_criterion","blocks","reviewer"
"M17-ISS-001","2026-09-27T12:12:20Z","CRITICAL","Tấn Phát + Thanh","M1.5/M1.7","QPAF-M1_5-PRO-001","Imported M1.5 is historical and not adopted in NEW; masked-listwise and integrated pairwise-logistic contracts are unresolved","evidence/M1_FINAL/02_protocol/sync_reconciliation.md","BLOCKED","Approved successor or amendment with NEW-relative manifest and exact implementation/config hashes is independently reviewed","M1.7 Final; G1 entry; result-bearing authorization","Thanh"
"M17-ISS-002","2026-09-27T12:12:20Z","CRITICAL","Khương","M1.4","QPAF-M1_4-AUD-001","M1.4 is PARTIAL and actual research source/data/config/run inventories are missing","evidence/M1_FINAL/01_repository_audit/gap_log.md","BLOCKED","Selected immutable audit revision contains actual assets and reproducible hashes with independent review","M1.4 acceptance; traceability; G1 entry","Thanh"
"M17-ISS-003","2026-09-27T12:12:20Z","CRITICAL","Khương","M1.6","QPAF-M1_6-COL-001","Collision audit CSVs are header-only and the real corpus audit did not run","evidence/M1_FINAL/03_collision_audit/collision_report.md","BLOCKED","Populated page/alias/duplicate reports demonstrate reviewed collision/leakage state on the exact corpus","M1.6 acceptance; G1 entry","Thanh"
"M17-ISS-004","2026-09-27T12:12:20Z","HIGH","Khương","M1.8","QPAF-M1_8-OCR-001","OCR threshold and artifact namespace remain draft and uncalibrated","evidence/M1_FINAL/05_ocr_artifacts/ocr_failure_threshold.md","BLOCKED","Representative calibration produces numerical reviewed thresholds and a namespace aligned with Final M1.7","M1.8 acceptance; G1 entry","Thanh"
"M17-ISS-005","2026-09-27T12:12:20Z","CRITICAL","Khương + Tấn Phát","M1.4/M1.5/M1.6","QPAF-M1_4-AUD-001","Exact train/validation/confirmation IDs, hashes, overlap, live cache and coverage evidence are absent","evidence/M1_FINAL/02_protocol/dataset_split_policy.md","BLOCKED","Exact 1600/400/8904 manifests and hashes pass zero-overlap, identity, cache and coverage review","M1.7 protocol binding; data readiness; G1 entry","Thanh"
"M17-ISS-006","2026-09-27T12:12:20Z","HIGH","Thanh + upstream runner","M1.1","QPAF-M1_1-ORC-001","Historical Oracle report lacks recoverable per-query inputs, original run ID, command, commit, split/cache hashes, evaluation unit and independent reproduction","results/m1.1/README.md","OPEN","Original artifacts and the source-defined evaluation unit are recovered and independently recomputed or the evidence remains explicitly bounded as reproduction-unverified without inferring the unit","M1.1 reproducibility; metric interpretation; full end-to-end trace","Thanh"
"M17-ISS-007","2026-09-27T12:12:20Z","MEDIUM","Thanh","M1.2","QPAF-M1_2-MTH-001","Method-core verification exists but a different member has not rerun and accepted it","docs/m1.1-m1.2-status.md","OPEN","A clean-checkout independent rerun records command, environment, output hashes and review without promoting synthetic evidence","M1.2 independent acceptance","Thanh"
"M17-ISS-008","2026-09-27T12:12:20Z","CRITICAL","Tấn Phát + Cả nhóm","M1.9","QPAF-M1_9-GAT-001","G1 preparation exists but no selected immutable package, official blocker log or team decision exists","evidence/M1_FINAL/06_G1/README.md","BLOCKED","Upstream entry evidence is reviewable, one package is selected/hashed and the team records the official First Review","G1 First Review; Final G1","Thanh"
"M17-ISS-009","2026-09-27T12:12:20Z","CRITICAL","Thanh","M1.7","QPAF-M1_7-REG-001","Registry package is Draft and cannot bind an active NEW protocol or selected evidence snapshot","evidence/M1_FINAL/04_experiment_registry/README.md","OPEN","After M17-ISS-001/002/003/004/005 close sufficiently, append Final binding/review events and freeze a selected package","M1.7 Final; G1 entry; QA sign-off","Thanh"
"M17-ISS-010","2026-09-27T12:12:20Z","HIGH","Tấn Phát","M1.10","QPAF-M1_10-RPT-001","Sprint 1 report is current Draft and Final G1/M1 closure are not reached","evidence/M1_FINAL/07_R1/README.md","BLOCKED","After official Final G1, update exact evidence/decision fields, obtain independent review and issue Final R1","M1.10 Final; M1 closure","Thanh"
