"trace_id","experiment_id","task_id","method_ref","config_ref","git_commit","data_ref","data_hash","output_ref","output_hash","verification_ref","claim_scope","trace_status","issue_ids","reviewer_note"
"M17-TRC-001","QPAF-M1_1-ORC-001","M1.1","src/qpaf/m11/oracle.py","configs/m1.1/vidoseek.toml","UNKNOWN","results/m1.1/reference/source_manifest.csv","UNKNOWN","results/m1.1/README.md","7f1cd475643db3a653a6de3d6d4bee9df09ece563293fe1574f2da8097fa1664","docs/m1.1-m1.2-status.md","oracle_upper_bound","BLOCKED_INCOMPLETE_HISTORICAL_TRACE","M17-ISS-006","Code/config/report exist but original run, commit, data/cache/split hashes and per-query reproduction are unresolved"
"M17-TRC-002","QPAF-M1_2-MTH-001","M1.2","src/qpaf/m12/model.py","configs/m1.2/core.toml","7a758e3db78b678d24f704b8052824f1c5bbab19","NA","NA","results/m1.2/handoff-check-2026-09-26/README.md","b2eed50c0cb083f6cbcc61dac2d822ef62892a67df20054ffabec19c060fea69","docs/m1.1-m1.2-status.md","synthetic_software_verification","PARTIAL_PENDING_INDEPENDENT_RERUN","M17-ISS-007","Trace is adequate for local synthetic software verification only; it is not learned retrieval evidence"
"M17-TRC-003","QPAF-M1_4-AUD-001","M1.4","scripts/audit_repository.py","NA","6a69e03806f8fef2685800e64a0562b116dd1f9a","evidence/M1_FINAL/01_repository_audit/data_inventory.csv","258e266d4fac44ac87226581d6de267538c83029d87ac763de0e21050d6dbff6","evidence/M1_FINAL/01_repository_audit/gap_log.md","6de47e79835e57cd568c3d42965a1f047f05efa01c74710d709a05eef447b563","evidence/M1_FINAL/01_repository_audit/audit_metadata.json","engineering_audit_only","BLOCKED_PARTIAL_MISSING_ASSETS","M17-ISS-002;M17-ISS-005","Audit mechanics and gap record exist; inventories do not yet cover actual research assets"
"M17-TRC-004","QPAF-M1_5-PRO-001","M1.5","evidence/M1_FINAL/02_protocol/frozen_protocol.md","NA","c82dd5a7c50b52b7fb5c509fa86de4a7f355c59c","evidence/M1_FINAL/02_protocol/protocol_freeze_manifest.json","fbd2f4cf6003bfa271985ebf283a046950ad5fc4d7e2657e21ad6fe4a2c96f8b","evidence/M1_FINAL/02_protocol/sync_reconciliation.md","570f18e78bb6401437a3ed9564e176b2371c1aff0ad2755673991aad07a6b19a","evidence/M1_FINAL/02_protocol/README.md","governance_only","BLOCKED_IMPORTED_NOT_ADOPTED","M17-ISS-001;M17-ISS-005","Historical bytes are traceable; active NEW protocol semantics and exact split activation are not accepted"
"M17-TRC-005","QPAF-M1_6-COL-001","M1.6","evidence/M1_FINAL/03_collision_audit/collision_report.md","NA","f5716bf8a4ca2e623d26ff44e7e70233770b7775","evidence/M1_FINAL/03_collision_audit/page_manifest.csv","8ba204cac017b2ac55b156a14b7ccb72e1e7fbaa748b43a01957c010055fb142","evidence/M1_FINAL/03_collision_audit/collision_report.md","62a8c0f157191129e85b652fc5baf869e60c4b2b8d39d06ca481ba72584d93c6","evidence/M1_FINAL/03_collision_audit/collision_report.md","engineering_audit_only","BLOCKED_NOT_RUN","M17-ISS-003;M17-ISS-005","Files are traceable but header-only; no real collision or leakage conclusion exists"
"M17-TRC-006","QPAF-M1_7-REG-001","M1.7","evidence/M1_FINAL/04_experiment_registry/experiment_naming_rules.md","NA","PENDING","NA","NA","evidence/M1_FINAL/04_experiment_registry/experiment_registry.csv","PENDING","evidence/M1_FINAL/04_experiment_registry/evidence_audit.md","governance_only","DRAFT_NOT_FROZEN","M17-ISS-001;M17-ISS-002;M17-ISS-003;M17-ISS-004;M17-ISS-005;M17-ISS-009","Draft files are present; current self-hash, active protocol binding, selected snapshot and Final review remain pending"
"M17-TRC-007","QPAF-M1_8-OCR-001","M1.8","evidence/M1_FINAL/05_ocr_artifacts/artifact_namespace.md","NA","f5716bf8a4ca2e623d26ff44e7e70233770b7775","PENDING","PENDING","evidence/M1_FINAL/05_ocr_artifacts/ocr_failure_threshold.md","f3c13b45f525dad257aed114edf10202526fc12d294df3a564a63d8e14a1db2c","evidence/M1_FINAL/05_ocr_artifacts/technical_signoff.md","engineering_calibration_only","BLOCKED_DRAFT_UNCALIBRATED","M17-ISS-001;M17-ISS-004","Namespace shape exists but sample, numerical thresholds, protocol alignment and sign-off are missing"
"M17-TRC-008","QPAF-M1_9-GAT-001","M1.9","evidence/M1_FINAL/06_G1/G1_checklist.md","NA","c82dd5a7c50b52b7fb5c509fa86de4a7f355c59c","evidence/M1_FINAL/06_G1/G1_evidence_matrix.csv","2588bb73b7e1445a8815cb262f5c8fc51ee89afaca0d15ffe2158d9d82e0a382","evidence/M1_FINAL/06_G1/G1_pre_review.md","34234178cb9e18a4d4796cc346f4cd451682362b4abcb3aa4119c869984d3c74","evidence/M1_FINAL/06_G1/README.md","governance_only","BLOCKED_REVIEW_NOT_RUN","M17-ISS-001;M17-ISS-002;M17-ISS-003;M17-ISS-004;M17-ISS-005;M17-ISS-008;M17-ISS-009","Preparation is traceable; no official blocker log or G1 decision exists"
"M17-TRC-009","QPAF-M1_10-RPT-001","M1.10","evidence/M1_FINAL/07_R1/Sprint_1_Progress_Report.md","NA","c82dd5a7c50b52b7fb5c509fa86de4a7f355c59c","evidence/M1_FINAL/06_G1/G1_readiness_matrix.csv","PENDING","evidence/M1_FINAL/07_R1/Sprint_1_Progress_Report.md","bc9e4986212a7093e0e764b63e64e269c445e2623683d99f29cb4cc5f8dbbe7d","evidence/M1_FINAL/07_R1/README.md","governance_only","BLOCKED_DRAFT_NOT_FINAL","M17-ISS-008;M17-ISS-010","Current report is traceable as Draft; Final G1 and independent review are absent"
"M17-TRC-010","QPAF-M1_4-AUD-001","M1.4","scripts/audit_repository.py","NA","1251cf3961fac3ca951c4aa882eb0c9411371ddc","evidence/revisions/m1.4-003/data_inventory.csv","258e266d4fac44ac87226581d6de267538c83029d87ac763de0e21050d6dbff6","evidence/revisions/m1.4-003/audit_metadata.json","f4a71d8e08364d73fd33484be1ff09441bfa17101907ca34c8d9fc0378e540a8","evidence/revisions/m1.4-003/gap_log.md","engineering_audit_only","BLOCKED_PARTIAL_DATA_MISSING_PROVENANCE_REVIEW","M17-ISS-005;M17-ISS-012","Revision m1.4-003 is byte-traceable but self-declares PARTIAL with zero data assets"
"M17-TRC-011","QPAF-M1_5-PRO-001","M1.5","evidence/M1_FINAL/02_protocol/protocol_amendments.md","configs/m1.2/core.toml","0924c2702692146cad1b52f196df0c789bd5ce36","evidence/M1_FINAL/02_protocol/protocol_freeze_manifest.json","fbd2f4cf6003bfa271985ebf283a046950ad5fc4d7e2657e21ad6fe4a2c96f8b","evidence/M1_FINAL/02_protocol/protocol_amendments.md","6a7a0f6328e467c698771115affa58cac32b95ea889da1a91691661e4049dc49","src/qpaf/m12/losses.py","governance_only","BLOCKED_PARTIAL_REVIEW_NO_SIGNOFF","M17-ISS-005;M17-ISS-011","A001 matches integrated pairwise-loss source/config; A002 lacks exact split manifests and the amended package lacks independent sign-off"
"M17-TRC-012","QPAF-M1_6-COL-001","M1.6","scripts/audit_collisions.py","NA","bc764d36e1101d952d75c398223e79c7584e4e2c","evidence/revisions/m1.6-001/page_manifest.csv","0200f985fb9c59d851139f0c7defce025188a22423b3ebd9dd7e088e5479de85","evidence/revisions/m1.6-001/collision_summary.json","d66762352a0e59e52ed31b55611d530f328ca4e21e6020b0a76fc5e5f6e23c45","evidence/revisions/m1.6-001/hash_manifest.csv","engineering_audit_only","BLOCKED_HASH_SOURCE_AND_SCOPE_INTEGRITY","M17-ISS-005;M17-ISS-013;M17-ISS-014","Actual committed bytes are traced here; three declared package hashes differ and all five referenced source PDFs are unavailable"
"M17-TRC-013","QPAF-M1_8-OCR-001","M1.8","src/qpaf/m18/ocr_policy.py","NA","ba4e62924ee7e4f09a31fa54bf55f58de6bf8d4c","evidence/revisions/m1.8-001/hash_manifest.csv","4f5a18efc0d5bb379f352409b200bb2c3d2b98b63396efb10dfdeed34f63a0ae","evidence/revisions/m1.8-001/ocr_failure_threshold.md","3200c92093edbe5100da69cd5ed9fa1d15684095e7e946c1e677d442dadf3c19","evidence/revisions/m1.8-001/ocr_checklist.md","engineering_calibration_only","BLOCKED_PROVISIONAL_AWAITING_SCOPE_DECISION","M17-ISS-004;M17-ISS-015","All four payload hashes verify; thresholds explicitly remain provisional pending M2.3 and G1 scope acceptance"
"M17-TRC-014","QPAF-M1_7-REG-001","M1.7","evidence/M1_FINAL/04_experiment_registry/experiment_naming_rules.md","NA","765803fee5465006658de35a4272414b27a5bb53","evidence/revisions/m1.4-003/audit_metadata.json","f4a71d8e08364d73fd33484be1ff09441bfa17101907ca34c8d9fc0378e540a8","evidence/M1_FINAL/04_experiment_registry/experiment_registry.csv","PENDING","tests/test_m17_registry.py","governance_only","DRAFT_RECONCILED_FINAL_BLOCKED","M17-ISS-009;M17-ISS-011;M17-ISS-012;M17-ISS-013;M17-ISS-014;M17-ISS-015;M17-ISS-016","Post-merge findings are appended against develop-equivalent HEAD; self-hash and Final package selection remain pending"
