audit_index,query_id,global_relevant_rank,global_ndcg10,qarf_relevant_rank,qarf_ndcg10,qpaf_relevant_rank,qpaf_ndcg10
147,009e328fc7136f2a006b114ff3154d3eafd04ecb_2,1,1.0,1,1.0,1,1.0
396,01dc52ed80b475c6ac81bc9def3e03dad93e33de_0,1,1.0,1,1.0,1,1.0
510,02d9d6c3d872469119ce9ff49442967c9209d1cd_3,1,1.0,1,1.0,1,1.0
682,0362524caefe112f57cbfa547ad8a1b3be756e08_0,1,1.0,1,1.0,1,1.0
792,0441317ce9deb3da74c85d08fe3a2137d7832df0_1,1,1.0,1,1.0,1,1.0
797,04450a0f59f81025574451222aa26322ae7ede42_1,4,0.43067655807339306,3,0.5,1,1.0
848,04877fbd1a0ba6c62b516596391983ab8e3f47ef_0,1,1.0,1,1.0,1,1.0
880,04973d056d9522006d5bdaefd92627ebedea7ba1_2,1,1.0,1,1.0,1,1.0
881,04a385633c2c14185d3ca288083efdcc6350420e_0,1,1.0,1,1.0,1,1.0
940,04dc0db4eefee1ab8f9d77c40047cce2d0a5f087_3,1,1.0,1,1.0,1,1.0
1023,0541896ed71e7eb1098ad3dbee66bf4444855b17_2,1,1.0,1,1.0,1,1.0
1081,05a312877bb2a2360f336e7a99bb52ec6f313339_1,1,1.0,1,1.0,1,1.0
