document_id,page_id,page_number,source_path,file_sha256,content_sha256,split,extraction_method,review_status
doc_001,doc_001_page_0001,1,data/raw/vidoseek_pdf_document/doc_001.pdf,bb8f4e162265e3c9151cfda6cfc0691cfbf61cfb91d7da6d389cbaa7d59acc73,c821c871cdf04942729280a91c6c83326e8e43a7df83c7d820c95a14e76efb75,train,pdf_page_render,reviewed
doc_001,doc_001_page_0002,2,data/raw/vidoseek_pdf_document/doc_001.pdf,bb8f4e162265e3c9151cfda6cfc0691cfbf61cfb91d7da6d389cbaa7d59acc73,43d5c1d8befde343c5de15b15a859ca0e63383196ab84e98cb6318fb739e9799,train,pdf_page_render,reviewed
doc_001,doc_001_page_0003,3,data/raw/vidoseek_pdf_document/doc_001.pdf,bb8f4e162265e3c9151cfda6cfc0691cfbf61cfb91d7da6d389cbaa7d59acc73,d4e8605fa90db5db1b5b98c7dce2ea1f398b9f3b2c4a9752de24aa16522b0f72,train,pdf_page_render,reviewed
doc_001,doc_001_page_0004,4,data/raw/vidoseek_pdf_document/doc_001.pdf,bb8f4e162265e3c9151cfda6cfc0691cfbf61cfb91d7da6d389cbaa7d59acc73,dfcf7835dd0c918f8751be10238fc5c1d946bd1d5e23acbb1cf8ae08cee65623,train,pdf_page_render,reviewed
doc_002,doc_002_page_0001,1,data/raw/vidoseek_pdf_document/doc_002.pdf,af8024fcdf1c84f8a7481dbac429876d7456af417b0d569b30e9d5ceef8a703b,85b1790b66009192ef29f447a7b137dd94c8d15b464f76d1061b3498299461e1,train,pdf_page_render,reviewed
doc_002,doc_002_page_0002,2,data/raw/vidoseek_pdf_document/doc_002.pdf,af8024fcdf1c84f8a7481dbac429876d7456af417b0d569b30e9d5ceef8a703b,1d916505f2376278d41975ee9be78875f9445c90e1375b98f6cbb58523ba8131,train,pdf_page_render,reviewed
doc_002,doc_002_page_0003,3,data/raw/vidoseek_pdf_document/doc_002.pdf,af8024fcdf1c84f8a7481dbac429876d7456af417b0d569b30e9d5ceef8a703b,d86553573a25445a9008904cadbb75de9a0067caf37eef0c41971eebed0f5f3c,train,pdf_page_render,reviewed
doc_002,doc_002_page_0004,4,data/raw/vidoseek_pdf_document/doc_002.pdf,af8024fcdf1c84f8a7481dbac429876d7456af417b0d569b30e9d5ceef8a703b,dfcf7835dd0c918f8751be10238fc5c1d946bd1d5e23acbb1cf8ae08cee65623,train,pdf_page_render,reviewed
doc_003,doc_003_page_0001,1,data/raw/vidoseek_pdf_document/doc_003.pdf,b101ca7efff9719bc45c586bda1740ac81ded1d7e5b7fd4954e592193a140f69,effe2bd538c71abdfa593540999d2d9f19b69f6bb4167eaa7e16103c862c4aa3,train,pdf_page_render,reviewed
doc_003,doc_003_page_0002,2,data/raw/vidoseek_pdf_document/doc_003.pdf,b101ca7efff9719bc45c586bda1740ac81ded1d7e5b7fd4954e592193a140f69,f7c2a9081604a2606ce6d18e883cffc1b34fafee754acf163ffe4e1ffd393c2d,train,pdf_page_render,reviewed
doc_003,doc_003_page_0003,3,data/raw/vidoseek_pdf_document/doc_003.pdf,b101ca7efff9719bc45c586bda1740ac81ded1d7e5b7fd4954e592193a140f69,67861a9a2719824c701b4aed2eaa61d3c57568156df612eddb954c45df2a4b12,train,pdf_page_render,reviewed
doc_003,doc_003_page_0004,4,data/raw/vidoseek_pdf_document/doc_003.pdf,b101ca7efff9719bc45c586bda1740ac81ded1d7e5b7fd4954e592193a140f69,d3ddce219d7dd18cd82c77bd504d64490b2724ea7901c9a46446bba3b0741849,train,pdf_page_render,reviewed
doc_004,doc_004_page_0001,1,data/raw/vidoseek_pdf_document/doc_004.pdf,f212ffe15d2bf66fab20f9d2b09c1ce501f84a5b0bbab1d00ed38881aceac9cd,35e2b7d38771f18112fc44b2542cb1e2067bceba6cd6133ffd29961504a89e43,val,pdf_page_render,reviewed
doc_004,doc_004_page_0002,2,data/raw/vidoseek_pdf_document/doc_004.pdf,f212ffe15d2bf66fab20f9d2b09c1ce501f84a5b0bbab1d00ed38881aceac9cd,887d258aab60f6fa2cbe026e5cdf73d76b749b147f37e1b210110fd8f5e3e8fa,val,pdf_page_render,reviewed
doc_004,doc_004_page_0003,3,data/raw/vidoseek_pdf_document/doc_004.pdf,f212ffe15d2bf66fab20f9d2b09c1ce501f84a5b0bbab1d00ed38881aceac9cd,0f0a29d6d962fe561c573e3bbc7f4b940e78191f6475befc2a6f960e187fafa8,val,pdf_page_render,reviewed
doc_004,doc_004_page_0004,4,data/raw/vidoseek_pdf_document/doc_004.pdf,f212ffe15d2bf66fab20f9d2b09c1ce501f84a5b0bbab1d00ed38881aceac9cd,e175f629830122c044a887dc6bef7d3d6213850abb7b6830e06eb83ac6066ece,val,pdf_page_render,reviewed
doc_005,doc_005_page_0001,1,data/raw/vidoseek_pdf_document/doc_005.pdf,349548edd812ce54c2b76b6ce97394b5c13cea166db8cffa24ef247c3af4180b,98e2bc757a620b8f63eac40186a900ba77a2ee55a615353806efb3fae69db0ec,test,pdf_page_render,reviewed
doc_005,doc_005_page_0002,2,data/raw/vidoseek_pdf_document/doc_005.pdf,349548edd812ce54c2b76b6ce97394b5c13cea166db8cffa24ef247c3af4180b,8b45b8995d236e220cc73d368076cbefd9c0c6564cc4980dbf1f85ba828313b5,test,pdf_page_render,reviewed
doc_005,doc_005_page_0003,3,data/raw/vidoseek_pdf_document/doc_005.pdf,349548edd812ce54c2b76b6ce97394b5c13cea166db8cffa24ef247c3af4180b,3f71ac989db08be8b03b0a7f25e95aaf3fb3ea46b810147dc02d7be046ec1e0d,test,pdf_page_render,reviewed
doc_005,doc_005_page_0004,4,data/raw/vidoseek_pdf_document/doc_005.pdf,349548edd812ce54c2b76b6ce97394b5c13cea166db8cffa24ef247c3af4180b,6059e554323837951984bd925df6d6929115fbeba3e6192f7110d0387adafc86,test,pdf_page_render,reviewed
