audit_index,query_id,global_ndcg10,qarf_ndcg10,qpaf_ndcg10,qpaf_minus_qarf,changed_candidates
92,0073d1c9d37a124a69560a42acf492e6fae6fb55_0,1.0,1.0,1.0,0.0,0
141,009856a0cdcc230d983c3a3e460a0c1b83cb09d4_3,1.0,1.0,1.0,0.0,0
148,009e328fc7136f2a006b114ff3154d3eafd04ecb_3,1.0,1.0,1.0,0.0,0
398,01dc52ed80b475c6ac81bc9def3e03dad93e33de_2,0.43067655807339306,0.43067655807339306,0.5,0.06932344192660694,1
513,02e22d6e970bef1b48efd32bf2a524c6bd3263c7_2,1.0,1.0,1.0,0.0,0
640,034a1a1dd2c6d0d58c3c9c95754f33fd786527a1_3,1.0,1.0,1.0,0.0,0
676,035f7ae44821cbb6191454cffc3a81cbc5cfc9d5_4,0.43067655807339306,0.43067655807339306,0.6309297535714575,0.20025319549806447,2
686,036d37910cd4b143a98986f1facbe9d84f7e6ca3_0,1.0,1.0,1.0,0.0,0
798,04450a0f59f81025574451222aa26322ae7ede42_2,0.0,0.0,0.43067655807339306,0.43067655807339306,1
803,0454efb78bc1e03ae39f9552cb4c165495b11e4b_3,0.6309297535714575,0.6309297535714575,1.0,0.36907024642854247,1
832,046c8aeae3495fae63c6b029a72b048b5b91ed0a_0,1.0,1.0,1.0,0.0,0
842,04787b8b2a5d62fdd928d716356ca6c3e7554251_2,1.0,1.0,1.0,0.0,0
855,0487dcb861f03c1c838213788c0ab0b7e2cb0715_1,1.0,1.0,1.0,0.0,0
889,04ad1ed44c5d12daf9bc5cc290e7eade424ee761_0,0.6309297535714575,1.0,1.0,0.0,0
890,04ad1ed44c5d12daf9bc5cc290e7eade424ee761_1,1.0,1.0,1.0,0.0,0
892,04ad1ed44c5d12daf9bc5cc290e7eade424ee761_3,1.0,1.0,1.0,0.0,0
950,04fbac4cb4c0de17f371d1ef6de15d535c9c875f_1,0.5,0.5,0.6309297535714575,0.13092975357145753,1
992,051d7a1acd648d364a5ccaf6a7b5d1ed16f1adeb_0,1.0,1.0,1.0,0.0,0
1034,054adbf8327de7348cba0375cbaea22cb7f80813_0,1.0,1.0,1.0,0.0,0
1067,058f6bca5179d3ca48d85a2c29dfd2c727518ac1_3,1.0,1.0,1.0,0.0,0
1082,05a312877bb2a2360f336e7a99bb52ec6f313339_2,1.0,1.0,1.0,0.0,0
1084,05a3b8bbe4978f54c15901725d146b952aa36fc5_0,1.0,1.0,1.0,0.0,0
1093,05b3364e2aa2aa8b644a335529979724b658414b_1,1.0,1.0,1.0,0.0,0
1129,05e2dbaf2d299e33a0e7bf92a434214c84381bf1_5,0.0,0.5,0.5,0.0,0
