"requirement_id","review_phase","area","requirement","acceptance_criterion","evidence_path","evidence_sha256","current_evidence_state","gate_criticality","responsible_owner","independent_reviewer","verification_method","notes"
"G1-ENT-01","G1_FIRST","Entry","Active M1.5 protocol is adopted","A NEW-relative manifest binds one reconciled method contract and has independent review","evidence/M1_FINAL/02_protocol/adoption_readiness.md; evidence/M1_FINAL/02_protocol/protocol_adoption_candidate.json","PENDING_SELECTED_REVIEW_PACKAGE","CANDIDATE_PREPARED_NOT_ADOPTED","CRITICAL","Tấn Phát","Thanh","Recompute imported hashes; review reconciliation; verify successor decision","Historical freeze restored 9/9; A001/A002 recorded separately; exact splits and independent sign-off pending"
"G1-ENT-02","G1_FIRST","Entry","M1.4 evidence is reviewable","Inventories contain actual research assets and a selected revision has reproducible provenance and hashes","evidence/revisions/m1.4-003/audit_metadata.json","f4a71d8e08364d73fd33484be1ff09441bfa17101907ca34c8d9fc0378e540a8","REVISION_M1_4_003_PARTIAL_ZERO_DATA","CRITICAL","Khương","Thanh","Inspect metadata/inventories/gaps; recompute selected hashes","307 files inventoried; data count 0; provenance review required"
"G1-ENT-03","G1_FIRST","Entry","M1.6 evidence is reviewable","Real corpus manifests and collision/leakage conclusions exist","evidence/revisions/m1.6-001/collision_report.md; evidence/M1_FINAL/04_experiment_registry/evidence_audit.md","PENDING_SELECTED_REVIEW_PACKAGE","POPULATED_HASH_AND_SCOPE_BLOCKED","CRITICAL","Khương","Thanh","Validate populated CSVs; reproduce counts/overlap checks","Five documents and 20 pages reported; three manifest hashes mismatch; five source PDFs unresolved"
"G1-ENT-04","G1_FIRST","Entry","M1.7 is final and traceable","Registry is frozen against adopted M1.5 and traceability/audit artifacts exist","evidence/M1_FINAL/04_experiment_registry/README.md; evidence/M1_FINAL/04_experiment_registry/evidence_audit.md","PENDING_SELECTED_REVIEW_PACKAGE","DRAFT_RECONCILED_FINAL_BLOCKED","CRITICAL","Thanh","Cả nhóm","Validate controlled vocabularies, protocol binding and sample trace","Fourteen events and traces, sixteen issues; Final binding and QA sign-off absent"
"G1-ENT-05","G1_FIRST","Entry","M1.8 evidence is reviewable","Reviewed M1.8 policy is calibrated or an explicit G1 scope decision accepts provisional thresholds for First Review","evidence/revisions/m1.8-001/ocr_failure_threshold.md; evidence/M1_FINAL/04_experiment_registry/issue_log.csv","PENDING_SELECTED_REVIEW_PACKAGE","HASH_VALID_PROVISIONAL_SCOPE_UNDECIDED","CRITICAL","Khương","Thanh","Inspect calibration evidence and replay numerical thresholds","Numerical thresholds exist as provisional heuristics; M2.3 calibration or explicit G1 scope decision pending"
"G1-REP-01","G1_FIRST","M1.4","Repository inventory","Actual research modules and status are inventoried","evidence/revisions/m1.4-003/repo_inventory.csv","90468165038836b32b8af7b057ad2852b9fcd3a578c13ca2662f94d8ddc4f8db","PRESENT_307_FILES_PARTIAL","CRITICAL","Khương","Thanh","CSV schema/path/source classification check","Generated revision m1.4-003 is PARTIAL, not independently accepted"
"G1-REP-02","G1_FIRST","M1.4","Data inventory","Dataset identity, revision, role, location and availability are explicit","evidence/revisions/m1.4-003/data_inventory.csv","258e266d4fac44ac87226581d6de267538c83029d87ac763de0e21050d6dbff6","ZERO_DATA_ASSETS","CRITICAL","Khương","Thanh","Cross-check dataset manifests and actual storage","M1.4 metadata reports data count 0"
"G1-REP-03","G1_FIRST","M1.4","Config inventory","Relevant configs map to task/method/adoption state","evidence/revisions/m1.4-003/config_inventory.csv","7bc78fa8d1bf05c3fd189d3493b72dee5539a21fa886b6aeb5142b971e035543","PRESENT_2_CONFIGS_PARTIAL","REQUIRED","Khương","Thanh","Cross-check paths and semantic status","Configuration inventory exists; source/data provenance remains incomplete"
"G1-REP-04","G1_FIRST","M1.4","Run inventory","Historical/current runs are classified without promoting fixtures","evidence/revisions/m1.4-003/run_inventory.csv","e9026efc93d6fdd5135943440a443e51db1673e646528b963387462b620c945e","PRESENT_225_RUN_ENTRIES_PROVENANCE_UNREVIEWED","CRITICAL","Khương","Thanh","Trace sampled rows to config/commit/data/output","Inventory count does not establish accepted historical or current runs"
"G1-REP-05","G1_FIRST","M1.4","Git snapshot","Branch, commit, dirty state and relevant changed paths identify the selected evidence revision","evidence/revisions/m1.4-003/git_snapshot.txt","b4badf1c1fec68c162fff265243c6240094dd089a3497cf403cd9ac6ab78f969","REVISION_SNAPSHOT_PRESENT","CRITICAL","Khương","Thanh","Compare recorded snapshot with its source revision","Snapshot belongs to partial m1.4-003 revision"
"G1-REP-06","G1_FIRST","M1.4","Hash manifest","Manifest paths and hashes reproduce for the selected revision","evidence/revisions/m1.4-003/hash_manifest.csv","90468165038836b32b8af7b057ad2852b9fcd3a578c13ca2662f94d8ddc4f8db","REVISION_MANIFEST_PRESENT_PARTIAL","CRITICAL","Khương","Thanh","Recompute all or sampled critical hashes on recorded revision","Generated inventory manifest does not close data/provenance gaps"
"G1-REP-07","G1_FIRST","M1.4","Gap log","Missing items have owner, impact and closure criterion","evidence/revisions/m1.4-003/gap_log.md","471ef26913c50fe06024d43d2ece56526d9d1ea93fd101d025b8fa1925ee4a80","PARTIAL_GAPS_OPEN","REQUIRED","Khương","Thanh","Compare inventory gaps with live assets","DATA_MISSING and PROVENANCE_REVIEW_REQUIRED remain open"
"G1-PRO-01","G1_FIRST","M1.5","Protocol semantics are reconciled","Research questions, datasets, split, metrics, seeds, baselines, candidates, statistics and learned loss form one active contract","evidence/M1_FINAL/02_protocol/adoption_readiness.md; evidence/M1_FINAL/02_protocol/protocol_adoption_candidate.json","PENDING_SELECTED_REVIEW_PACKAGE","HISTORICAL_FREEZE_VALID_CANDIDATE_NOT_ADOPTED","CRITICAL","Tấn Phát","Thanh","Review all policy files and successor/amendment decision","A001/A002 owner approval recorded; actual learned contract, exact splits and independent review missing"
"G1-PRO-02","G1_FIRST","M1.5","Post-freeze change control","Any semantic adoption/change uses a successor or approved append-only amendment","evidence/M1_FINAL/02_protocol/amendments_after_import.md","6a7a0f6328e467c698771115affa58cac32b95ea889da1a91691661e4049dc49","A001_A002_APPROVED_INDEPENDENT_REVIEW_PENDING","CRITICAL","Tấn Phát","Thanh","Verify historical hash and inspect successor decision","Post-import ledger preserves 28 Sep approvals outside the hash-addressed OLD freeze"
"G1-PRO-03","G1_FIRST","M1.5","Execution remains closed","No protocol or preparation artifact grants a result-bearing invocation","evidence/M1_FINAL/02_protocol/run_policy.md; evidence/M1_FINAL/02_protocol/protocol_adoption_candidate.json","PENDING_SELECTED_REVIEW_PACKAGE","EXECUTION_CLOSED_CANDIDATE_NOT_ADOPTED","CRITICAL","Tấn Phát + Khương","Thanh","Inspect execution_authorized and any registry authorization","No result-bearing authorization follows from preparation or owner approval"
"G1-DAT-01","G1_FIRST","Split/Data","Exact ViDoSeek query split artifacts","Pinned ViDoSeek train/val/test IDs, counts, hashes and union verify with zero query overlap under the A002 70/15/15 decision","evidence/M1_FINAL/02_protocol/protocol_adoption_candidate.json","aab02f7cc217651ce96b6f7d11d7faa3b4ec8d0d99c9fe19f450d68c61da3b83","MISSING_EXACT_VIDOSEEK_SPLIT_MANIFESTS","CRITICAL","Khương + Tấn Phát","Thanh","Recompute counts, union, overlap and canonical hashes","Only a label-free split implementation exists; the OLD ViMDoc 1600/400/8904 counts do not apply"
"G1-DAT-02","G1_FIRST","Split/Data","Document overlap report","Cross-split document overlap is measured without silently changing query splits","PENDING_DOCUMENT_OVERLAP_REPORT_PATH","PENDING_SELECTED_REVIEW_PACKAGE","MISSING_REVIEWABLE_DOCUMENT_OVERLAP","REQUIRED","Khương","Thanh","Recompute page-to-document mapping and overlap","m1.6-001 narrow report does not establish selected-corpus document overlap"
"G1-DAT-03","G1_FIRST","Split/Data","Live data/cache readiness","Archive, OCR and three-channel cache identities verify; coverage meets adopted gate with zero uncovered query","PENDING_DATA_READINESS_EVIDENCE_PATHS","PENDING_SELECTED_REVIEW_PACKAGE","MISSING_LIVE_DATA_CACHE_COVERAGE","CRITICAL","Khương","Thanh","Verify manifests/hashes; recompute coverage and uncovered queries","No accepted source, cache and coverage hashes for an adopted run contract"
"G1-COL-01","G1_FIRST","M1.6","Page and alias manifests","Canonical page/document IDs and alias resolutions are populated and traceable","evidence/revisions/m1.6-001/page_manifest.csv; evidence/revisions/m1.6-001/alias_manifest.csv","PENDING_SELECTED_REVIEW_PACKAGE","POPULATED_HASH_MISMATCH_SOURCE_UNRESOLVED","CRITICAL","Khương","Thanh","Validate keys, uniqueness, mapping coverage and source hashes","Three declared payload hashes mismatch and source PDFs are unavailable"
"G1-COL-02","G1_FIRST","M1.6","Duplicate report","Exact/content duplicates and resolutions are documented","evidence/revisions/m1.6-001/duplicate_report.csv","39664298d3d4743e77db7298827609575b82a7274472db8a9f65200ca766fccf","POPULATED_HASH_MISMATCH","CRITICAL","Khương","Thanh","Recompute duplicate classes from canonical manifest","Reported duplicate result cannot be accepted from the mismatched payload"
"G1-COL-03","G1_FIRST","M1.6","Collision conclusion","Serious collision, leakage, qrel inconsistency and orphan findings are resolved or explicitly blocking","evidence/revisions/m1.6-001/collision_report.md","28a87d2635b702b506759da47f5857df3f267d725bf0bc268e6d96ad6f2d928c","REPORT_PRESENT_SCOPE_UNVERIFIED","CRITICAL","Khương","Thanh","Trace report findings to populated manifests","Generated PASS_AUDIT is limited to five documents/20 pages and is blocked by hash/source findings"
"G1-REG-01","G1_FIRST","M1.7","Registry schema and vocabulary","Final registry controlled values match the adopted protocol","evidence/M1_FINAL/04_experiment_registry/README.md","6e2d663b6ac75d0d18b02f67794dc610fd0e7ce79fc3913d49758c05b8c6b411","DRAFT_RECONCILED_FINAL_BLOCKED","CRITICAL","Thanh","Cả nhóm","Parse final registry and validate controlled values","Fourteen registry events; no active adopted M1.5 binding"
"G1-REG-02","G1_FIRST","M1.7","Naming and classification","Final naming and classifications preserve governance, engineering, oracle and learned claim boundaries","evidence/M1_FINAL/04_experiment_registry/experiment_naming_rules.md; evidence/M1_FINAL/04_experiment_registry/test_classification.md","PENDING_SELECTED_REVIEW_PACKAGE","PRESENT_DRAFT_NOT_FINAL","CRITICAL","Thanh","Cả nhóm","Cross-check tokens and claim scopes","Naming and classification files exist; Final review remains blocked"
"G1-REG-03","G1_FIRST","M1.7","Append-only governance","Event corrections and supersession preserve prior evidence","evidence/M1_FINAL/04_experiment_registry/append_only_policy.md","f8d674003227d96feb0136744969fe2c70c278f9c78bcd8e19f423bd09c92e62","PRESENT_DRAFT_NOT_FINAL","CRITICAL","Thanh","Cả nhóm","Review final event policy and immutable history","Append-only policy exists but registry is not frozen"
"G1-REG-04","G1_FIRST","M1.7","End-to-end traceability","Matrix traces experiment to method/config/commit/data/hash/output","evidence/M1_FINAL/04_experiment_registry/traceability_matrix.csv","2138f5cd94644d0f986ad1931bd81c9a4ac778972dcf341846a6a784d35defab","PRESENT_14_DRAFT_TRACES","CRITICAL","Thanh","Cả nhóm","Validate paths and sample at least one complete trace","Missing exact split and selected package identities prevent a complete Final trace"
"G1-REG-05","G1_FIRST","Independent QA","Independent evidence audit","Audit covers traceability and registry/protocol consistency","evidence/M1_FINAL/04_experiment_registry/evidence_audit.md; evidence/M1_FINAL/04_experiment_registry/issue_log.csv","PENDING_SELECTED_REVIEW_PACKAGE","DRAFT_AUDIT_16_ISSUES_NOT_FINAL_QA","CRITICAL","Thanh","Cả nhóm","Review findings and issue completeness","Thanh reconciled source/hash evidence; no Final independent QA sign-off"
"G1-OCR-01","G1_FIRST","M1.8","OCR checklist","Native-text/OCR selection and QA rules are evidence-backed","evidence/revisions/m1.8-001/ocr_checklist.md","f1dbde0444c61cc8bf5d51393c677b8a1910e892e71db05f1eefa4714c115024","HASH_VALID_PROVISIONAL","CRITICAL","Khương","Thanh","Inspect rules against representative real artifacts","Reviewable policy structure exists; representative calibration pending"
"G1-OCR-02","G1_FIRST","M1.8","OCR failure threshold","Threshold is numerical, measurable and fail closed","evidence/revisions/m1.8-001/ocr_failure_threshold.md","3200c92093edbe5100da69cd5ed9fa1d15684095e7e946c1e677d442dadf3c19","NUMERIC_PROVISIONAL_NOT_CALIBRATED","CRITICAL","Khương","Thanh","Recompute calibration metrics and threshold decision","50 chars, 85% printable, 60% confidence, 15 s and 1% failure are provisional heuristics"
"G1-OCR-03","G1_FIRST","M1.8","Artifact namespace","Canonical paths and create-once manifests match final registry/protocol","evidence/revisions/m1.8-001/artifact_namespace.md","44a126a14cd877d73cc33c0595c74cee1cd542a3295a3d7ba04336f7780dd825","HASH_VALID_PENDING_FINAL_BINDING","CRITICAL","Khương","Thanh","Check paths against final registry and protocol","Final adopted protocol and M1.7 registry namespace alignment still pending"
"G1-SCI-01","G1_FIRST","Claim Boundary","Oracle and learned evidence remain separated","W7/W66 remain bounded oracle evidence; local M1.2 evidence is not learned retrieval success","evidence/M1_FINAL/02_protocol/sync_reconciliation.md; results/m1.1/README.md","PENDING_INDEPENDENT_REVIEW","PRESENT_INTERNAL_CROSSCHECK","CRITICAL","Tấn Phát + Thanh","Thanh","Review wording and future registry claim scopes","No learned checkpoint or learned metric is claimed"
"G1-GOV-01","G1_FIRST","Gate Governance","Non-PASS reviewed findings are recorded","Every reviewed PARTIAL/BLOCKED/FAIL has evidence, owner and closure criterion","evidence/M1_FINAL/06_G1/G1_blocker_log.md","PENDING_REVIEW","NOT_CREATED_REVIEW_NOT_RUN","CRITICAL","Tấn Phát","Cả nhóm","Compare actual review outcomes to official blocker log","Pre-G1 candidates are not official blockers"
"G1-GOV-02","G1_FIRST","Gate Governance","G1 Decision v1 is evidence-backed","Decision is issued only after team review and cites official blockers","evidence/M1_FINAL/06_G1/G1_first_review_decision.md","PENDING_REVIEW","NOT_CREATED_REVIEW_NOT_RUN","CRITICAL","Tấn Phát","Cả nhóm","Check decision, reviewer names, evidence and timestamps","Planned First Review decision path; separate from Final G1 decision"
"G1-FIN-01","FINAL_G1","Final Sign-off","Technical Sign-off","Technical owner signs a selected repo/data/hash/collision/OCR package","evidence/M1_FINAL/05_ocr_artifacts/technical_signoff.md","PENDING_SIGNED_PACKAGE","NOT_SIGNED","CRITICAL","Khương","Thanh","Verify identity, package hashes and timestamp","Current file is a checklist, not a signature"
"G1-FIN-02","FINAL_G1","Final Sign-off","Independent QA Sign-off","QA owner signs final registry completeness and sampled trace","evidence/M1_FINAL/04_experiment_registry/qa_signoff.md","PENDING","MISSING","CRITICAL","Thanh","Cả nhóm","Verify identity, findings closure and package hashes","Required before Final G1"
"G1-FIN-03","FINAL_G1","Final Gate","Critical blockers are closed","Every official critical blocker has closure evidence or forces explicit non-PASS","evidence/M1_FINAL/06_G1/G1_blocker_log.md","PENDING","NOT_DUE_REVIEW_NOT_RUN","CRITICAL","Tấn Phát","Cả nhóm","Trace each reviewed blocker to closure evidence","No official blocker log exists"
"G1-FIN-04","FINAL_G1","Final Gate","Final G1 decision is complete","Decision records outcome, rationale, limitations, risks, sign-offs and timestamp","evidence/M1_FINAL/06_G1/G1_final_decision.md","PENDING","NOT_DUE_REVIEW_NOT_RUN","CRITICAL","Tấn Phát","Cả nhóm","Review against checklist and both sign-offs","Does not itself authorize execution"
