"review_id","area","acceptance_target","evidence_checked","evidence_sha256_or_state","observed_finding","readiness_status","gate_effect","severity","responsible_owner","required_next_action","verification_method","review_scope","snapshot_at"
"NEW-PR-00","Overall","M1.4-M1.8 evidence is sufficient for G1 First Review","evidence/revisions/m1.4-003/; evidence/M1_FINAL/02_protocol/; evidence/revisions/m1.6-001/; evidence/M1_FINAL/04_experiment_registry/; evidence/revisions/m1.8-001/","MIXED_PARTIAL_CANDIDATE_DRAFT_INTEGRITY_BLOCKED","New revisions and M1.7 Draft exist, but M1.4 is PARTIAL, M1.5 is not adopted, M1.6 has hash/source/scope defects, M1.8 is provisional and Final independent review is missing","BLOCKED_FOR_G1_FIRST_REVIEW","Do not convene or issue G1 Decision v1","CRITICAL","Tấn Phát","Close the First Review portions of NEW-PR-01 through NEW-PR-07, select one immutable package, then convene whole-team First Review","Exact-path inspection; semantic status review; hash checks","INTERNAL_SOURCE_VERIFICATION_NOT_INDEPENDENT_QA","2026-09-28"
"NEW-PR-01","M1.4 Repository Audit","Reviewable source/data/config/run inventory","evidence/revisions/m1.4-003/audit_metadata.json; evidence/revisions/m1.4-003/gap_log.md","M1_4_003_PARTIAL_DATA_COUNT_0","307-file inventory exists, but metadata says PARTIAL with zero data assets and provenance review required","BLOCKED_PARTIAL_NOT_REVIEWABLE","Blocks M1.4 reviewability and G1 entry","CRITICAL","Khương","Khương supplies a new selected revision with actual data/provenance or an explicit approved scope record, then independent review","Inspect CSV rows, metadata, gaps and hashes","INTERNAL_SOURCE_VERIFICATION_NOT_INDEPENDENT_QA","2026-09-28"
"NEW-PR-02","M1.5 Protocol","One active reconciled NEW protocol","evidence/M1_FINAL/02_protocol/protocol_freeze_manifest.json; evidence/M1_FINAL/02_protocol/amendments_after_import.md; evidence/M1_FINAL/02_protocol/protocol_adoption_candidate.json","OLD_FREEZE_9_OF_9_VALID_A001_A002_APPROVED_CANDIDATE_INCOMPLETE","Historical package digest verifies after restoring the original ledger; A001/A002 approval is preserved separately, but exact split hashes, learned contract and independent review remain pending","BLOCKED_CANDIDATE_NOT_ADOPTED","Blocks M1.5 acceptance for NEW and downstream registry binding","CRITICAL","Tấn Phát + Thanh","Bind exact NEW data/split and learned-contract hashes in a successor version, then obtain Thanh's independent review","Rehash imported files; inspect integrated M1.2 contract and reconciliation","INTERNAL_SOURCE_VERIFICATION_NOT_INDEPENDENT_QA","2026-09-28"
"NEW-PR-03","Split and Data Activation","Exact ViDoSeek train/val/test IDs, hashes, overlap, source/cache and coverage evidence","evidence/M1_FINAL/02_protocol/protocol_adoption_candidate.json","NO_MATERIALIZED_SPLIT_OR_DATA_HASHES","A002 selects ViDoSeek and a 70/15/15 label-free algorithm, but no exact ID manifests or source/cache hashes are available","BLOCKED_MISSING","Blocks candidate generation, training and G1 evidence sufficiency","CRITICAL","Khương + Tấn Phát","Khương provides pinned source/annotation/qrel identities and exact split manifests; Tấn Phát binds them into the successor package","Artifact existence, count, overlap, hash and coverage checks","INTERNAL_SOURCE_VERIFICATION_NOT_INDEPENDENT_QA","2026-09-28"
"NEW-PR-04","M1.6 Collision Audit","Populated page/alias/duplicate/collision evidence","evidence/revisions/m1.6-001/hash_manifest.csv; evidence/revisions/m1.6-001/page_manifest.csv; evidence/revisions/m1.6-001/collision_report.md","POPULATED_3_PAYLOAD_HASH_MISMATCH_5_SOURCE_PDFS_UNRESOLVED","Generated report claims PASS_AUDIT on five documents and 20 pages; three payload hashes mismatch, five source PDFs are unavailable and full-corpus scope is unverified","BLOCKED_INTEGRITY_AND_SCOPE","Blocks collision/leakage conclusion and G1 entry","CRITICAL","Khương","Khương publishes append-only m1.6-002 or later with correct payload hashes, resolvable source locators and reviewed corpus scope","CSV row counts and semantic report inspection","INTERNAL_SOURCE_VERIFICATION_NOT_INDEPENDENT_QA","2026-09-28"
"NEW-PR-05","M1.7 Registry Core","Final registry bound to adopted M1.5","evidence/M1_FINAL/04_experiment_registry/README.md; evidence/M1_FINAL/04_experiment_registry/experiment_registry.csv","DRAFT_14_EVENTS_FINAL_BLOCKED","Registry schema, naming, classification and append-only Draft exist with 14 events; active protocol binding and Final review are missing","BLOCKED_DRAFT_NOT_FINAL","Blocks traceability and G1 entry","CRITICAL","Thanh","After adopted M1.5 and technical revisions, Thanh appends binding/review events and freezes one selected package","Exact-path and status inspection","INTERNAL_SOURCE_VERIFICATION_NOT_INDEPENDENT_QA","2026-09-28"
"NEW-PR-06","M1.7 Traceability and Independent Audit","Traceability matrix, evidence audit and issue log","evidence/M1_FINAL/04_experiment_registry/traceability_matrix.csv; evidence/M1_FINAL/04_experiment_registry/evidence_audit.md; evidence/M1_FINAL/04_experiment_registry/issue_log.csv","DRAFT_14_TRACES_16_ISSUES_NO_FINAL_QA","Thanh's post-merge source/hash audit and issue log exist; they are Draft reconciliation rather than Final independent QA of a selected package","BLOCKED_DRAFT_INDEPENDENT_AUDIT","Blocks a reviewable package for G1 First Review","CRITICAL","Thanh","Thanh re-audits exact adopted protocol, source/data and technical revisions and records independent outcome; reserve QA Sign-off for Final G1","Exact-path inspection and sample trace once available","INTERNAL_SOURCE_VERIFICATION_NOT_INDEPENDENT_QA","2026-09-28"
"NEW-PR-07","M1.8 OCR and Artifacts","Reviewed OCR and namespace evidence with calibrated thresholds or explicit First Review scope decision","evidence/revisions/m1.8-001/ocr_failure_threshold.md; evidence/revisions/m1.8-001/hash_manifest.csv","FOUR_OF_FOUR_HASH_VALID_THRESHOLDS_PROVISIONAL","m1.8-001 payload hashes verify and numerical heuristics exist, but representative calibration is deferred to M2.3 and G1 scope has not been decided","BLOCKED_PROVISIONAL_SCOPE_UNDECIDED","Blocks M1.8 reviewability; the separate missing Technical Sign-off blocks Final G1","CRITICAL","Khương","Tấn Phát and Khương record whether provisional thresholds suffice for First Review or calibration must precede it","Semantic inspection; calibration replay and hash review once available","INTERNAL_SOURCE_VERIFICATION_NOT_INDEPENDENT_QA","2026-09-28"
"NEW-PR-08","G1 Review Authority","Whole-team review and official outcomes","evidence/M1_FINAL/06_G1/","PREPARATION_ONLY_OFFICIAL_REVIEW_NOT_RUN","No official G1 blocker log, First Review decision or Final G1 decision exists","BLOCKED_REVIEW_NOT_RUN","No G1 PASS/PARTIAL/BLOCKED/FAIL decision may be claimed","CRITICAL","Tấn Phát + whole team","After entry evidence is reviewable, the whole team selects a package, reviews it and records official non-PASS items and Decision v1","Reviewer identities, timestamps and evidence references","INTERNAL_SOURCE_VERIFICATION_NOT_INDEPENDENT_QA","2026-09-28"
"NEW-PR-09","G1 Preparation","Checklist, evidence matrix, Pre-G1 and readiness matrix","evidence/M1_FINAL/06_G1/G1_checklist_2026-09-28.md; evidence/M1_FINAL/06_G1/G1_evidence_matrix_2026-09-28.csv; evidence/M1_FINAL/06_G1/G1_pre_review_2026-09-28.md; evidence/M1_FINAL/06_G1/G1_readiness_matrix_2026-09-28.csv","PREPARATION_REFRESHED_FROM_28_SEP_EVIDENCE","Checklist, 36-row evidence matrix, 14-row readiness matrix and Pre-G1 narrative are refreshed against the post-merge source snapshot; none is a team decision","READY_INTERNAL_PREPARATION","Does not satisfy upstream entry criteria","REQUIRED","Tấn Phát","Select a tracked review snapshot and obtain independent evidence review before First Review","Markdown/CSV parse, unique IDs and link checks","INTERNAL_SOURCE_VERIFICATION_NOT_INDEPENDENT_QA","2026-09-28"
"NEW-PR-10","Git and Package Provenance","Selected review package has commit/snapshot and reproducible hashes","origin/develop=2e74b97e1836213f07510a4075c3b53389bd04c5; preparation_branch=feature/tan-phat-m1-continuation; selected_G1_review_package=NONE","SOURCE_BASE_IDENTIFIED_REVIEW_PACKAGE_NOT_SELECTED","The 28 Sep source base is known, but this preparation is uncommitted and has no selected byte-identical G1 review package","UNCOMMITTED_PREPARATION_NO_G1_SNAPSHOT","Prevents independent byte-identical G1 review","CRITICAL","Khương + Tấn Phát","After owner evidence is reviewable, select one tracked commit and hash all accepted package members","Git log/status plus explicit-path hash manifest","INTERNAL_SOURCE_VERIFICATION_NOT_INDEPENDENT_QA","2026-09-28"
"NEW-PR-11","Scientific Claim Boundary","Oracle, software-core and learned evidence stay separated","results/m1.1/README.md; docs/m1.1-m1.2-status.md; evidence/M1_FINAL/04_experiment_registry/evidence_audit.md","PRESENT_INTERNAL_WORDING","Oracle remains bounded upper-bound evidence and M1.2 is method-core software verification; no learned scientific result is registered","READY_FOR_INDEPENDENT_REVIEW","No claim inflation introduced by preparation","REQUIRED","Tấn Phát + Thanh","Independently review final wording and future registry classifications","Cross-document claim review","INTERNAL_SOURCE_VERIFICATION_NOT_INDEPENDENT_QA","2026-09-28"
"NEW-PR-12","Execution Guards","No result-bearing execution is opened","evidence/M1_FINAL/02_protocol/protocol_freeze_manifest.json; evidence/M1_FINAL/02_protocol/protocol_adoption_candidate.json","execution_authorized=false; NEW_README_CLOSED","Historical and candidate manifests both keep execution closed; preparation does not grant an invocation","READY_INTERNAL_GUARD_CHECK_ONLY","Maintain fail-closed state; not a G1 PASS","CRITICAL","Tấn Phát + Khương","Require separate exact authorization after adopted protocol/data/registry gates","JSON field and authorization-record inspection","INTERNAL_SOURCE_VERIFICATION_NOT_INDEPENDENT_QA","2026-09-28"
"NEW-PR-13","G1 Entry Criteria","All seven checklist entry criteria have reviewable evidence","evidence/M1_FINAL/06_G1/G1_checklist_2026-09-28.md","ZERO_OF_SEVEN_ENTRY_CRITERIA_COMPLETE","All seven entry criteria still require owner or independent evidence despite new Draft and revision files","BLOCKED_0_OF_7_MET","G1 First Review remains NOT_RUN","CRITICAL","Tấn Phát","Close the owner evidence gaps, obtain independent review and select one immutable snapshot before First Review","Checklist-to-live-evidence comparison","INTERNAL_SOURCE_VERIFICATION_NOT_INDEPENDENT_QA","2026-09-28"
